id,data,emoji
HOLY_DRAGON_CHESTPLATE,,<:holy_dragon_chestplate:824643181412745216>
HOLY_DRAGON_LEGGINGS,,<:holy_dragon_leggings:824643197523329034>
HOLY_DRAGON_BOOTS,,<:holy_dragon_boots:824643211271208990>
OLD_DRAGON_CHESTPLATE,,<:old_dragon_chestplate:824643236580687942>
OLD_DRAGON_LEGGINGS,,<:old_dragon_leggings:824643248429072444>
OLD_DRAGON_BOOTS,,<:old_dragon_boots:824643259028209695>
PROTECTOR_DRAGON_CHESTPLATE,,<:protector_dragon_chestplate:824643278451376179>
PROTECTOR_DRAGON_LEGGINGS,,<:protector_dragon_leggings:824643288580489257>
PROTECTOR_DRAGON_BOOTS,,<:protector_dragon_boots:824643300065017916>
STRONG_DRAGON_CHESTPLATE,,<:strong_dragon_chestplate:824643318041804872>
STRONG_DRAGON_LEGGINGS,,<:strong_dragon_leggings:824643328041549864>
STRONG_DRAGON_BOOTS,,<:strong_dragon_boots:824643337445179393>
SUPERIOR_DRAGON_CHESTPLATE,,<:superior_dragon_chestplate:824643357636296764>
SUPERIOR_DRAGON_LEGGINGS,,<:superior_dragon_leggings:824643366716702760>
SUPERIOR_DRAGON_BOOTS,,<:superior_dragon_boots:824643377064575029>
UNSTABLE_DRAGON_CHESTPLATE,,<:unstable_dragon_chestplate:824643397600018532>
UNSTABLE_DRAGON_LEGGINGS,,<:unstable_dragon_leggings:824643409020321842>
UNSTABLE_DRAGON_BOOTS,,<:unstable_dragon_boots:824643418424344597>
WISE_DRAGON_CHESTPLATE,,<:wise_dragon_chestplate:824643436652396585>
WISE_DRAGON_LEGGINGS,,<:wise_dragon_leggings:824643446865657875>
WISE_DRAGON_BOOTS,,<:wise_dragon_boots:824643459393519636>
YOUNG_DRAGON_CHESTPLATE,,<:young_dragon_chestplate:824643479359455284>
YOUNG_DRAGON_LEGGINGS,,<:young_dragon_leggings:824643490071576616>
YOUNG_DRAGON_BOOTS,,<:young_dragon_boots:824643498899931166>
ADAPTIVE_CHESTPLATE,,<:adaptive_chestplate:824643925742059520>
ADAPTIVE_LEGGINGS,,<:adaptive_leggings:824643938455519291>
ADAPTIVE_BOOTS,,<:adaptive_boots:824643950862139433>
BOUNCY_HELMET,,<:bouncy_helmet:824643993462636554>
BOUNCY_CHESTPLATE,,<:bouncy_chestplate:824644057429966878>
BOUNCY_LEGGINGS,,<:bouncy_leggings:824644072961867786>
BOUNCY_BOOTS,,<:bouncy_boots:824644094194221117>
CRYPT_WITHERLORD_HELMET,,<:crypt_witherlord_helmet:824644292542857286>
CRYPT_WITHERLORD_CHESTPLATE,,<:crypt_witherlord_chestplate:824644306529812480>
CRYPT_WITHERLORD_LEGGINGS,,<:crypt_witherlord_leggings:824644321524711468>
CRYPT_WITHERLORD_BOOTS,,<:crypt_witherlord_boots:824644332619300945>
HEAVY_HELMET,,<:heavy_helmet:824644361098100756>
HEAVY_CHESTPLATE,,<:heavy_chestplate:824644375887347752>
HEAVY_LEGGINGS,,<:heavy_leggings:824644386016460800>
HEAVY_BOOTS,,<:heavy_boots:824644396183453757>
METAL_CHESTPLATE,,<:metal_chestplate:824644426911449099>
NECROMANCER_LORD_CHESTPLATE,,<:necromancer_chestplate:824644449828208672>
NECROMANCER_LORD_LEGGINGS,,<:necromancer_leggings:824644462156054528>
NECROMANCER_LORD_BOOTS,,<:necromancer_boots:824644472348213308>
SHADOW_ASSASSIN_CHESTPLATE,,<:shadow_assassin_chestplate:824644490522132530>
SHADOW_ASSASSIN_LEGGINGS,,<:shadow_assassin_leggings:824644501234122823>
SHADOW_ASSASSIN_BOOTS,,<:shadow_assassin_boots:824644510444159018>
SKELETON_GRUNT_HELMET,,<:skeleton_grunt_helmet:824644548227235860>
SKELETON_GRUNT_CHESTPLATE,,<:skeleton_grunt_chestplate:824644559555919886>
SKELETON_GRUNT_LEGGINGS,,<:skeleton_grunt_leggings:824644575183503432>
SKELETON_GRUNT_BOOTS,,<:skeleton_grunt_boots:824644585661530143>
SKELETON_LORD_HELMET,,<:skeleton_lord_helmet:824645303138779148>
SKELETON_LORD_CHESTPLATE,,<:skeleton_lord_chestplate:824645314097971240>
SKELETON_LORD_LEGGINGS,,<:skeleton_lord_leggings:824645325897596950>
SKELETON_LORD_BOOTS,,<:skeleton_lord_boots:824645334847717388>
SKELETON_MASTER_HELMET,,<:skeleton_master_helmet:824645353965748254>
SKELETON_MASTER_CHESTPLATE,,<:skeleton_master_chestplate:824645364510228541>
SKELETON_MASTER_LEGGINGS,,<:skeleton_master_leggings:824645377851523087>
SKELETON_MASTER_BOOTS,,<:skeleton_master_boots:824645388438863882>
SKELETON_SOLDIER_HELMET,,<:skeleton_soldier_helmet:824645408995016724>
SKELETON_SOLDIER_CHESTPLATE,,<:skeleton_soldier_chestplate:824645419685904385>
SKELETON_SOLDIER_LEGGINGS,,<:skeleton_soldier_leggings:824645431832477728>
SKELETON_SOLDIER_BOOTS,,<:skeleton_soldier_boots:824645443249635358>
SKELETOR_CHESTPLATE,,<:skeletor_chestplate:824645474983608351>
SKELETOR_LEGGINGS,,<:skeletor_leggings:824645485939523644>
SKELETOR_BOOTS,,<:skeletor_boots:824645495850795048>
SPIRIT_BOOTS,,<:spirit_boots:824645517072924712>
STEEL_CHESTPLATE,,<:steel_chestplate:824645535490768916>
STONE_CHESTPLATE,,<:stone_chestplate:824645552275718195>
SUPER_HEAVY_HELMET,,<:super_heavy_helmet:824645575660011550>
SUPER_HEAVY_CHESTPLATE,,<:super_heavy_chestplate:824645586140921886>
SUPER_HEAVY_LEGGINGS,,<:super_heavy_leggings:824645594512359445>
SUPER_HEAVY_BOOTS,,<:super_heavy_boots:824645603581100032>
TANK_WITHER_CHESTPLATE,,<:goldor_chestplate:824645653803302923>
TANK_WITHER_LEGGINGS,,<:goldor_leggings:824645662556553266>
TANK_WITHER_BOOTS,,<:goldor_boots:824645670425985075>
SPEED_WITHER_CHESTPLATE,,<:maxor_chestplate:824645685294661694>
SPEED_WITHER_LEGGINGS,,<:maxor_leggings:824645693108781056>
SPEED_WITHER_BOOTS,,<:maxor_boots:824645701417041960>
POWER_WITHER_CHESTPLATE,,<:necron_chestplate:824645823031672832>
POWER_WITHER_LEGGINGS,,<:necron_leggings:824645830744735805>
POWER_WITHER_BOOTS,,<:necron_boots:824645839594192908>
WISE_WITHER_CHESTPLATE,,<:storm_chestplate:824645855118229504>
WISE_WITHER_LEGGINGS,,<:storm_leggings:824645866542727258>
WISE_WITHER_BOOTS,,<:storm_boots:824645874730401802>
WITHER_CHESTPLATE,,<:wither_chestplate:824645892488298566>
WITHER_LEGGINGS,,<:wither_leggings:824645911057399859>
WITHER_BOOTS,,<:wither_boots:824645919629770753>
ROTTEN_HELMET,,<:rotten_helmet:824645952157384705>
ROTTEN_CHESTPLATE,,<:rotten_chestplate:824645962290036767>
ROTTEN_LEGGINGS,,<:rotten_leggings:824645976148017154>
ROTTEN_BOOTS,,<:rotten_boots:824645985019363368>
ZOMBIE_COMMANDER_HELMET,,<:zombie_commander_helmet:824646002735579137>
ZOMBIE_COMMANDER_CHESTPLATE,,<:zombie_commander_chestplate:824646015248367616>
ZOMBIE_COMMANDER_LEGGINGS,,<:zombie_commander_leggings:824646024495890478>
ZOMBIE_COMMANDER_BOOTS,,<:zombie_commander_boots:824646033664376903>
ZOMBIE_KNIGHT_HELMET,,<:zombie_knight_helmet:824646056183595138>
ZOMBIE_KNIGHT_CHESTPLATE,,<:zombie_knight_chestplate:824646066246909993>
ZOMBIE_KNIGHT_LEGGINGS,,<:zombie_knight_leggings:824646075473199144>
ZOMBIE_KNIGHT_BOOTS,,<:zombie_knight_boots:824646087725154336>
ZOMBIE_LORD_HELMET,,<:zombie_lord_helmet:824646940465692682>
ZOMBIE_LORD_CHESTPLATE,,<:zombie_lord_chestplate:824646950577635329>
ZOMBIE_LORD_LEGGINGS,,<:zombie_lord_leggings:824648213751267418>
ZOMBIE_LORD_BOOTS,,<:zombie_lord_boots:824648227298738186>
ZOMBIE_SOLDIER_HELMET,,<:zombie_soldier_helmet:824648251964915793>
ZOMBIE_SOLDIER_CHESTPLATE,,<:zombie_soldier_chestplate:824648270596931656>
ZOMBIE_SOLDIER_LEGGINGS,,<:zombie_soldier_leggings:824648283594424340>
ZOMBIE_SOLDIER_BOOTS,,<:zombie_soldier_boots:824648293140660244>
PERFECT_HELMET_1,,<:perfect_helmet_1:824648379949645824>
PERFECT_CHESTPLATE_1,,<:perfect_chestplate_1:824648388460937227>
PERFECT_LEGGINGS_1,,<:perfect_leggings_1:824648399211069440>
PERFECT_BOOTS_1,,<:perfect_boots_1:824648410656145469>
PERFECT_HELMET_2,,<:perfect_helmet_2:824648429825032193>
PERFECT_CHESTPLATE_2,,<:perfect_chestplate_2:824648439807737898>
PERFECT_LEGGINGS_2,,<:perfect_leggings_2:824648449206386711>
PERFECT_BOOTS_2,,<:perfect_boots_2:824648477337583657>
PERFECT_HELMET_3,,<:perfect_helmet_3:824648496283910194>
PERFECT_CHESTPLATE_3,,<:perfect_chestplate_3:824648506198327356>
PERFECT_LEGGINGS_3,,<:perfect_leggings_3:824648516269375569>
PERFECT_BOOTS_3,,<:perfect_boots_3:824648543310315541>
PERFECT_HELMET_4,,<:perfect_helmet_4:824648563514409011>
PERFECT_CHESTPLATE_4,,<:perfect_chestplate_4:824648571222884434>
PERFECT_LEGGINGS_4,,<:perfect_leggings_4:824648579364421674>
PERFECT_BOOTS_4,,<:perfect_boots_4:824648588192776263>
PERFECT_HELMET_5,,<:perfect_helmet_5:824648606450712606>
PERFECT_CHESTPLATE_5,,<:perfect_chestplate_5:824648614110298192>
PERFECT_LEGGINGS_5,,<:perfect_leggings_5:824648622314225696>
PERFECT_BOOTS_5,,<:perfect_boots_5:824648633579995146>
PERFECT_HELMET_6,,<:perfect_helmet_6:824648651799920712>
PERFECT_CHESTPLATE_6,,<:perfect_chestplate_6:824648660830650378>
PERFECT_LEGGINGS_6,,<:perfect_leggings_6:824648668065955871>
PERFECT_BOOTS_6,,<:perfect_boots_6:824648677632770089>
PERFECT_HELMET_7,,<:perfect_helmet_7:824648697462784010>
PERFECT_CHESTPLATE_7,,<:perfect_chestplate_7:824648709299241052>
PERFECT_LEGGINGS_7,,<:perfect_leggings_7:824648717633323078>
PERFECT_BOOTS_7,,<:perfect_boots_7:824648730664894534>
PERFECT_HELMET_8,,<:perfect_helmet_8:824648752773070848>
PERFECT_CHESTPLATE_8,,<:perfect_chestplate_8:824648767332024330>
PERFECT_LEGGINGS_8,,<:perfect_leggings_8:824648775284686879>
PERFECT_BOOTS_8,,<:perfect_boots_8:824648784478863391>
PERFECT_HELMET_9,,<:perfect_helmet_9:824648816048209930>
PERFECT_CHESTPLATE_9,,<:perfect_chestplate_9:824648826236567642>
PERFECT_LEGGINGS_9,,<:perfect_leggings_9:824648837746393110>
PERFECT_BOOTS_9,,<:perfect_boots_9:824648850932498494>
PERFECT_HELMET_10,,<:perfect_helmet_10:824648870860554280>
PERFECT_CHESTPLATE_10,,<:perfect_chestplate_10:824648880187506708>
PERFECT_LEGGINGS_10,,<:perfect_leggings_10:824648889151651850>
PERFECT_BOOTS_10,,<:perfect_boots_10:824648904377106443>
PERFECT_HELMET_11,,<:perfect_helmet_11:824649225316073503>
PERFECT_CHESTPLATE_11,,<:perfect_chestplate_11:824649239950917642>
PERFECT_LEGGINGS_11,,<:perfect_leggings_11:824649248733397022>
PERFECT_BOOTS_11,,<:perfect_boots_11:824649256942043157>
ANGLER_HELMET,,<:angler_helmet:824649304869437441>
ANGLER_CHESTPLATE,,<:angler_chestplate:824649313421492245>
ANGLER_LEGGINGS,,<:angler_leggings:824649320959574086>
ANGLER_BOOTS,,<:angler_boots:824649328685613108>
ARMOR_OF_MAGMA_HELMET,,<:armor_of_magma_helmet:824649347340828722>
ARMOR_OF_MAGMA_CHESTPLATE,,<:armor_of_magma_chestplate:824649357550813184>
ARMOR_OF_MAGMA_LEGGINGS,,<:armor_of_magma_leggings:824649369281888276>
ARMOR_OF_MAGMA_BOOTS,,<:armor_of_magma_boots:824649376575520830>
BAT_PERSON_CHESTPLATE,,<:bat_person_chestplate:824649402621886516>
BAT_PERSON_LEGGINGS,,<:bat_person_leggings:824649411279716362>
BAT_PERSON_BOOTS,,<:bat_person_boots:824649420733546506>
BLAZE_HELMET,,<:blaze_chestplate:824649437179412571>
BLAZE_CHESTPLATE,,<:blaze_leggings:824649448549908500>
BLAZE_LEGGINGS,,<:blaze_boots:824649455626223647>
BLAZE_BOOTS,,<:cactus_helmet:824649481592242186>
CACTUS_CHESTPLATE,,<:cactus_chestplate:824649491440336936>
CACTUS_LEGGINGS,,<:cactus_leggings:824649499900903445>
CACTUS_BOOTS,,<:cactus_boots:824649507975331950>
CHEAP_TUXEDO_CHESTPLATE,,<:cheap_tuxedo_chestplate:824649523951435798>
CHEAP_TUXEDO_LEGGINGS,,<:cheap_tuxedo_leggings:824649531609186304>
CHEAP_TUXEDO_BOOTS,,<:cheap_tuxedo_boots:824649540837572628>
CRYSTAL_HELMET,,<:crystal_helmet:824649575356432386>
CRYSTAL_CHESTPLATE,,<:crystal_chestplate:824649588090077194>
CRYSTAL_LEGGINGS,,<:crystal_leggings:824649596281815081>
CRYSTAL_BOOTS,,<:crystal_boots:824649606784483409>
DIVER_CHESTPLATE,,<:diver_chestplate:824649627688108063>
DIVER_LEGGINGS,,<:diver_leggings:824649637856018472>
DIVER_BOOTS,,<:diver_boots:824649646454472705>
ELEGANT_TUXEDO_CHESTPLATE,,<:elegant_tuxedo_chestplate:824649662521671722>
ELEGANT_TUXEDO_LEGGINGS,,<:elegant_tuxedo_leggings:824649670872530974>
ELEGANT_TUXEDO_BOOTS,,<:elegant_tuxedo_boots:824649679672573982>
EMBER_CHESTPLATE,,<:ember_chestplate:824649703400276010>
EMBER_LEGGINGS,,<:ember_leggings:824649712199008270>
EMBER_BOOTS,,<:ember_boots:824649720844517397>
EMERALD_HELMET,,<:emerald_helmet:824649742202044446>
EMERALD_CHESTPLATE,,<:emerald_chestplate:824649752569839718>
EMERALD_LEGGINGS,,<:emerald_leggings:824649761676197888>
EMERALD_BOOTS,,<:emerald_boots:824649780366016613>
ENDER_CHESTPLATE,,<:ender_chestplate:824649811813990400>
ENDER_LEGGINGS,,<:ender_leggings:824649822246010880>
ENDER_BOOTS,,<:ender_boots:824649830797148180>
FAIRY_HELMET,,<:fairy_helmet:824649850452049930>
FAIRY_CHESTPLATE,,<:fairy_chestplate:824649860934402078>
FAIRY_LEGGINGS,,<:fairy_leggings:824649874918080612>
FAIRY_BOOTS,,<:fairy_boots:824649889472446485>
PERFECT_HELMET_12,,<a:perfect_helmet_12:824953529839386674>
PERFECT_CHESTPLATE_12,,<a:perfect_chestplate_12:824953814481502208>
PERFECT_LEGGINGS_12,,<a:perfect_leggings_12:824953825030307860>
PERFECT_BOOTS_12,,<a:perfect_boots_12:824953834858086401>
CROWN_OF_GREED,,<a:crown_of_greed:824954192082894888>
FANCY_TUXEDO_CHESTPLATE,,<:fancy_tuxedo_chestplate:824650517933850654>
FANCY_TUXEDO_LEGGINGS,,<:fancy_tuxedo_leggings:824650526581981244>
FANCY_TUXEDO_BOOTS,,<:fancy_tuxedo_boots:824650535255801937>
FARM_HELMET,,<:farm_helmet:824650555200241704>
FARM_CHESTPLATE,,<:farm_chestplate:824650565773951028>
FARM_LEGGINGS,,<:farm_leggings:824650577518395432>
FARM_BOOTS,,<:farm_boots:824650585869516810>
FARM_SUIT_HELMET,,<:farm_suit_helmet:824650605775552513>
FARM_SUIT_CHESTPLATE,,<:farm_suit_chestplate:824650614587260988>
FARM_SUIT_LEGGINGS,,<:farm_suit_leggings:824650624662634497>
FARM_SUIT_BOOTS,,<:farm_suit_boots:824650634471931925>
FARMER_BOOTS,,<:farmer_boots:824650658832842812>
FROZEN_BLAZE_CHESTPLATE,,<:frozen_blaze_chestplate:824650677624111145>
FROZEN_BLAZE_LEGGINGS,,<:frozen_blaze_leggings:824650685370466344>
FROZEN_BLAZE_BOOTS,,<:frozen_blaze_boots:824650694412730378>
GOLEM_HELMET,,<:golem_helmet:824650715162607646>
GOLEM_CHESTPLATE,,<:golem_chestplate:824650722796765274>
GOLEM_LEGGINGS,,<:golem_leggings:824650732917096498>
GOLEM_BOOTS,,<:golem_boots:824650740827160607>
GROWTH_HELMET,,<:growth_helmet:824650759743340564>
GROWTH_CHESTPLATE,,<:growth_chestplate:824650767557984316>
GROWTH_LEGGINGS,,<:growth_leggings:824650775086366792>
GROWTH_BOOTS,,<:growth_boots:824650783088967711>
HARDENED_DIAMOND_HELMET,,<:hardened_diamond_helmet:824650804677181440>
HARDENED_DIAMOND_CHESTPLATE,,<:hardened_diamond_chestplate:824650813988143164>
HARDENED_DIAMOND_LEGGINGS,,<:hardened_diamond_leggings:824650821688885288>
HARDENED_DIAMOND_BOOTS,,<:hardened_diamond_boots:824650831092514866>
LAPIS_CHESTPLATE,,<:lapis_chestplate:824650855058767892>
LAPIS_LEGGINGS,,<:lapis_leggings:824650862546386995>
LAPIS_BOOTS,,<:lapis_boots:824650870309519381>
LEAFLET_CHESTPLATE,,<:leaflet_chestplate:824650897266573313>
LEAFLET_LEGGINGS,,<:leaflet_leggings:824650906242252850>
LEAFLET_BOOTS,,<:leaflet_boots:824650915843801089>
MASTIFF_CHESTPLATE,,<:mastiff_chestplate:824650933496709120>
MASTIFF_LEGGINGS,,<:mastiff_leggings:824650941076209695>
MASTIFF_BOOTS,,<:mastiff_boots:824650950139969556>
MINER_HELMET,,<:miner_helmet:824650970804781086>
MINER_CHESTPLATE,,<:miner_chestplate:824650979358146561>
MINER_LEGGINGS,,<:miner_leggings:824650986898849834>
MINER_BOOTS,,<:miner_boots:824650996063797298>
MINER_OUTFIT_HELMET,,<:miner_outfit_helmet:824651021040615455>
MINER_OUTFIT_CHESTPLATE,,<:miner_outfit_chestplate:824651031618519040>
MINER_OUTFIT_LEGGINGS,,<:miner_outfit_leggings:824651045924896859>
MINER_OUTFIT_BOOTS,,<:miner_outfit_boots:824651055509536778>
MINERAL_CHESTPLATE,,<:mineral_chestplate:824651074819850270>
MINERAL_LEGGINGS,,<:mineral_leggings:824651085879836693>
MINERAL_BOOTS,,<:mineral_boots:824651094105522177>
SKELETON_HELMET,,<:skeleton_helmet:824651928511840366>
GUARDIAN_CHESTPLATE,,<:guardian_chestplate:824651939252797530>
CREEPER_LEGGINGS,,<:creeper_leggings:824651950540849182>
SPIDER_BOOTS,,<:spider_boots:824651959155818556>
MUSHROOM_HELMET,,<:mushroom_helmet:824651981134102589>
MUSHROOM_CHESTPLATE,,<:mushroom_chestplate:824651993095208961>
MUSHROOM_LEGGINGS,,<:mushroom_leggings:824651999701106699>
MUSHROOM_BOOTS,,<:mushroom_boots:824652014273167361>
OBSIDIAN_CHESTPLATE,,<:obsidian_chestplate:824652033587150868>
PACK_HELMET,,<:pack_helmet:824652059973255178>
PACK_CHESTPLATE,,<:pack_chestplate:824652067750281296>
PACK_LEGGINGS,,<:pack_leggings:824652076076105738>
PACK_BOOTS,,<:pack_boots:824652086607609906>
PUMPKIN_HELMET,,<:pumpkin_helmet:824652105146564638>
PUMPKIN_CHESTPLATE,,<:pumpkin_chestplate:824652112381607957>
PUMPKIN_LEGGINGS,,<:pumpkin_leggings:824652121231851540>
PUMPKIN_BOOTS,,<:pumpkin_boots:824652129431584780>
RANCHER_BOOTS,,<:rancher_boots:824652152135745537>
REVENANT_CHESTPLATE,,<:revenant_chestplate:824652169981460510>
REVENANT_LEGGINGS,,<:revenant_leggings:824652177158307931>
REVENANT_BOOTS,,<:revenant_boots:824652183895015439>
OLD_SALMON_HELMET,,<:old_salmon_helmet:824652201673621526>
OLD_SALMON_CHESTPLATE,,<:old_salmon_chestplate:824652211245023264>
OLD_SALMON_LEGGINGS,,<:old_salmon_leggings:824652223598297138>
OLD_SALMON_BOOTS,,<:old_salmon_boots:824652237250363443>
NEW_SALMON_HELMET,,<:new_salmon_helmet:824652264169537566>
NEW_SALMON_CHESTPLATE,,<:new_salmon_chestplate:824652292485414973>
NEW_SALMON_LEGGINGS,,<:nsalmon_leggings:824652303508176936>
NEW_SALMON_BOOTS,,<:new_salmon_boots:824652314140213289>
SHARK_SCALE_CHESTPLATE,,<:shark_scale_chestplate:824652452904304670>
SHARK_SCALE_LEGGINGS,,<:shark_scale_leggings:824652460781994035>
SHARK_SCALE_BOOTS,,<:shark_scale_boots:824652469723332618>
SNOW_CHESTPLATE,,<:snow_chestplate:824653507000926250>
SNOW_LEGGINGS,,<:snow_leggings:824654222334099478>
SNOW_BOOTS,,<:snow_boots_:824654231574151230>
SPEEDSTER_HELMET,,<:speedster_helmet:824654272335577159>
SPEEDSTER_CHESTPLATE,,<:speedster_chestplate:824654281117925407>
SPEEDSTER_LEGGINGS,,<:speedster_leggings:824654290160582716>
SPEEDSTER_BOOTS,,<:speedster_boots:824654300533882901>
SPONGE_CHESTPLATE,,<:sponge_chestplate:824654321052155906>
SPONGE_LEGGINGS,,<:sponge_leggings:824654329113215067>
SPONGE_BOOTS,,<:sponge_boots:824654339275882506>
SPOOKY_CHESTPLATE,,<:spooky_chestplate:824654363884257280>
SPOOKY_LEGGINGS,,<:spooky_leggings:824654372235247626>
SPOOKY_BOOTS,,<:spooky_boots:824654380882985011>
SQUID_BOOTS,,<:squid_boots:824654400806191155>
STEREO_LEGGINGS,,<:stereo_leggings:824654423619272724>
TARANTULA_HELMET,,<:tarantula_helmet:824654779467825202>
TARANTULA_CHESTPLATE,,<:tarantula_chestplate:824654800280223785>
TARANTULA_LEGGINGS,,<:tarantula_leggings:824654811772485702>
TARANTULA_BOOTS,,<:tarantula_boots:824654821285167186>
WEREWOLF_CHESTPLATE,,<:werewolf_chestplate:824654840952258562>
WEREWOLF_LEGGINGS,,<:werewolf_leggings:824654849407844403>
WEREWOLF_BOOTS,,<:werewolf_boots:824654858388373534>
ZOMBIE_CHESTPLATE,,<:zombie_chestplate:824654881461764106>
ZOMBIE_LEGGINGS,,<:zombie_leggings:824654897453465660>
ZOMBIE_BOOTS,,<:zombie_boots:824654907050426378>
BIRCH_FOREST_BIOME_STICK,,<:biomestick_birch:824654950020808754>
DEEP_OCEAN_BIOME_STICK,,<:biomestick_deep_ocean:824654957651034122>
DESERT_BIOME_STICK,,<:biomestick_desert:824654966497083434>
END_BIOME_STICK,,<:biomestick_end:824654976541917234>
FOREST_BIOME_STICK,,<:biomestick_forest:824654985660596324>
JUNGLE_BIOME_STICK,,<:biomestick_jungle:824654994455265362>
NETHER_BIOME_STICK,,<:biomestick_nether:824655003746435123>
ROOFED_FOREST_BIOME_STICK,,<:biomestick_roofed:824655019361173525>
SAVANA_BIOME_STICK,,<:biomestick_savanna:824655028308541500>
TAIGA_BIOME_STICK,,<:biomestick_taiga:824655037326163989>
AATROX_BATPHONE,,<:batphone:824655167529287750>
_SBCOIN,,<:sbcoin:824655211288068107>
_SBCOINS,,<:sbcoins:824655222533128304>
HILT_OF_TRUE_ICE,,<:yeti_sword_hilt:824655336698675242>
BONE_BOOMERANG,,<:bonemerang:824655470476263484>
CRYPT_BOW,,<:crypt_bow:824655494924730408>
DEATH_BOW,,<:death_bow:824655511391567904>
MACHINE_GUN_BOW,,<:machine_gun_bow:824655542983196692>
SNIPER_BOW,,<:sniper_bow:824655611312603158>
SPIRIT_BOW,,<:spirit_bow:824655631666905098>
STINGER_BOW,,<:stinger_bow:824655648914276402>
SUPER_UNDEAD_BOW,,<:super_undead_bow:824655669370159134>
UNDEAD_BOW,,<:undead_bow:824655690589143110>
DECENT_BOW,,<:decent_bow:824655716370350160>
END_STONE_BOW,,<:end_stone_bow:824655732330725477>
ENDER_BOW,,<:ender_bow:824655753498984469>
EXPLOSIVE_BOW,,<:explosive_bow:824655767692509214>
HURRICANE_BOW,,<:hurricane_bow:824655783773339738>
MAGMA_BOW,,<:magma_bow:824655799892443147>
MOSQUITO_BOW,,<:mosquito_bow:824655819916050483>
PRISMARINE_BOW,,<:prismarine_bow:824655835094974475>
SAVANA_BOW,,<:savana_bow:824655863243341914>
SCORPION_BOW,,<:scorpion_bow:824655880699510834>
SLIME_BOW,,<:slime_bow:824655895522181120>
WITHER_BOW,,<:wither_bow:824655909899730985>
LAST_BREATH,,<a:last_breath:824955163852275722>
STARRED_LAST_BREATH,,<a:last_breath:824955163852275722>
RUNAANS_BOW,,<a:runaans_bow:824955650709913630>
BITTER_ICE_TEA,,<:bitter_iced_tea:824663923659767870>
CHEAP_COFFEE,,<:cheap_coffee:824663933985095721>
DR_PAPER,,<:dctr_pepper:824663945683402792>
DECENT_COFFEE,,<:decent_coffee:824663956861485108>
SLAYER_ENERGY_DRINK,,<:energy_drink:824663968978567237>
TUTTI_FRUTTI_POISON,,<:fruit_drink:824663979662114906>
TEPID_GREEN_TEA,,<:green_tea:824663990172385311>
KNOCKOFF_COLA,,<:knockoff_cola:824664001005748234>
PULPOUS_ORANGE_JUICE,,<:orange_juice:824664011420729375>
BAT_THE_FISH,,<:BatTheFish:824664043113021461>
CLUCK_THE_FISH,,<:cluck_the_fish:824664053665759233>
SNOWFLAKE_THE_FISH,,<:flakethefish:824664064374341702>
GIFT_THE_FISH,,<:gift_fish:824664076101091408>
GOLDOR_THE_FISH,,<:goldor_the_fish:824664087501340683>
MAXOR_THE_FISH,,<:maxor_the_fish:824664097819197443>
NOPE_THE_FISH,,<:nope:824664108539969548>
SHRIMP_THE_FISH,,<:Shrimp:824664119709532201>
STORM_THE_FISH,,<:storm_the_fish:824664133117935646>
ALL_SKILLS_SUPER_BOOST,,<:allsxp:824664170350772225>
PET_ITEM_ALL_SKILLS_BOOST_COMMON,,<:allxp:824664180757889076>
PET_ITEM_BIG_TEETH_COMMON,,<:big_teeth:824664192476905533>
BIGGER_TEETH,,<:bigger_teeth:824664202761076786>
PET_ITEM_COMBAT_SKILL_BOOST_COMMON,,<:combat_xp:824664214077308981>
PET_ITEM_COMBAT_SKILL_BOOST_EPIC,,<:combat_xp_epic:824664225339015278>
PET_ITEM_COMBAT_SKILL_BOOST_RARE,,<:combat_xp_rare:824664235686101043>
PET_ITEM_COMBAT_SKILL_BOOST_UNCOMMON,,<:combat_xp_uncommon:824664245849292801>
PET_ITEM_EXP_SHARE_DROP,,<:exp_core:824664256704020481>
PET_ITEM_EXP_SHARE,,<:exp_share:824664266703241276>
PET_ITEM_FARMING_SKILL_BOOST_COMMON,,<:farming_xp:824664278992814131>
PET_ITEM_FARMING_SKILL_BOOST_EPIC,,<:farming_xp_epic:824664288974864464>
PET_ITEM_FARMING_SKILL_BOOST_RARE,,<:farming_xp_rare:824664299829198950>
PET_ITEM_FISHING_SKILL_BOOST_COMMON,,<:fishing_xp:824664310277079101>
PET_ITEM_FISHING_SKILL_BOOST_EPIC,,<:fishing_xp_epic:824664325746589696>
PET_ITEM_FISHING_SKILL_BOOST_RARE,,<:fishing_xp_rare:824664336403529748>
PET_ITEM_FISHING_SKILL_BOOST_UNCOMMON,,<:fishing_xp_uncommon:824664347510833195>
PET_ITEM_FORAGING_SKILL_BOOST_COMMON,,<:foraging_xp:824664359527120936>
PET_ITEM_FORAGING_SKILL_BOOST_EPIC,,<:foraging_xp_epic:824664370524455002>
PET_ITEM_FORAGING_SKILL_BOOST_RARE,,<:foraging_xp_rare:824664382159192094>
GOLD_CLAWS,,<:gold_claws:824664393534930994>
GREAT_CARROT_CANDY,,<:greater_candy:824664414954192987>
PET_ITEM_HARDENED_SCALES_UNCOMMON,,<:hardened_scales:824664428707971093>
PET_ITEM_IRON_CLAWS_COMMON,,<:iron_claws:824664447742115841>
PET_ITEM_LUCKY_CLOVER,,<:lucky_clover:824664464744906813>
PET_ITEM_LUCKY_CLOVER_DROP,,<:lucky_core:824664478544953385>
PET_ITEM_MINING_SKILL_BOOST_COMMON,,<:mining_xp:824664491316346918>
PET_ITEM_MINING_SKILL_BOOST_RARE,,<:mining_xp_rare:824664504653840395>
REINFORCED_SCALES,,<:reinforced_scales:824664521963733042>
SERRATED_CLAWS,,<:serrated_claws:824664537642172506>
PET_ITEM_SHARPENED_CLAWS_UNCOMMON,,<:sharpened_claws:824664551903461428>
SIMPLE_CARROT_CANDY,,<:simple_candy:824664565824094258>
VIKING_TEAR,,<a:viking_tears:824955974758301706>
,,<a:archer_dun_orb:824956585453027348>
,,<a:beserk_dun_orb:824956594139037708>
DUNGEON_STONE,,<a:empty_dun_orb:824956603022311445>
,,<a:healer_dun_orb:824956613743869952>
,,<a:mage_dun_orb:824956621640957962>
,,<a:tank_dun_orb:824956630239150091>
SUPERB_CARROT_CANDY,,<:superb_candy:824664795818754049>
PET_ITEM_TEXTBOOK,,<:textbook:824664809919610881>
PET_ITEM_TIER_BOOST,,<:tier_boost:824664823337451581>
PET_ITEM_TIER_BOOST_DROP,,<:tier_boost_core:824664838521225256>
ULTIMATE_CARROT_CANDY,,<:ult_candy:824664852240793600>
IMPLOSION_SCROLL,,<:implosion_scroll:824664882984386630>
SHADOW_WARP_SCROLL,,<:shadow_warp_scroll:824664896401965108>
WITHER_IMPACT_SCROLL,,<:wither_impact_scroll:824664908657328170>
WITHER_SHIELD_SCROLL,,<:wither_shield_scroll:824664920213684266>
BLUE_SHARK_TOOTH,,<:blue_tooth:824664951116529664>
NURSE_SHARK_TOOTH,,<:nurse_tooth:824664963482255390>
TIGER_SHARK_TOOTH,,<:tiger_tooth:824664975658057750>
GREAT_WHITE_SHARK_TOOTH,,<:white_tooth:824664987715895326>
DULL_SHARK_TOOTH_NECKLACE,,<:dull_shark_tooth_necklace:824665054666162236>
HONED_SHARK_TOOTH_NECKLACE,,<:honed_shark_tooth_necklace:824665065717628928>
RAGGEDY_SHARK_TOOTH_NECKLACE,,<:raggedy_shark_tooth_necklace:824665076317028383>
RAZOR_SHARP_SHARK_TOOTH_NECKLACE,,<:razor_sharp_shark_tooth_necklace:824665090322202654>
SHARP_SHARK_TOOTH_NECKLACE,,<:sharp_shark_tooth_necklace:824665101264486420>
,{'nbt.display.Name':'*Ancient Claw*'},<:ancient_claw:824665142561603624>
GOLEM_POPPY,,<:ancient_rose:824665155505618984>
TOXIC_ARROW_POISON,,<:arrow_poison:824665167665037370>
BAT_FIREWORK,,<:bat_firework:824665179953954888>
GIANT_FRAGMENT_BIGFOOT,,<:bigfoot_lasso:824665193585573899>
BONZO_FRAGMENT,,<:bonzo_fragment:824665209691439112>
BRIDGE_EGG,,<:bridge_egg:824665223066943498>
BUDGET_HOPPER,,<:budget_hopper:824665237805989938>
BUILDERS_WAND,,<:builders_wand:824665249558429766>
CATALYST,,<:catalyst:824665261830701088>
CRYSTAL_FRAGMENT,,<:crystal_frag:824665275902459975>
DAY_CRYSTAL,,<:daycrystal:824665290620796949>
DEFUSE_KIT,,<:defuse_kit:824665302440607775>
GIANT_FRAGMENT_DIAMOND,,<:diamante_handle:824665396686618634>
DIAMOND_SPREADING,,<:diamond_spreading:824665416986263632>
DIGESTED_MOSQUITO,,<:digested_mosquito:824665457536925747>
,{'nbt.display.Name':'*Daedalus Stick*'},<:ds:824665475731423342>
DUNGEON_CHEST_KEY,,<:dungeon_key:824665492479803404>
ECTOPLASM,,<:ectoplasm:824665508309237760>
ENCHANTED_HOPPER,,<:enchanted_hopper:824665526910451783>
ENDSTONE_ROSE,,<:endstone_rose:824665551938125834>
MAXOR_ENERGY_CRYSTAL,,<:energy_crystal:824665568439042059>
ETERNAL_HOOF,,<:eternal_hoof:824665585924833351>
EXPERIENCE_ARTIFACT,,<:exp_art:824665618753912832>
FLYCATCHER_UPGRADE,,<:flycatcher:824665704392687617>
FLY_SWATTER,,<:flyswatter:824665724919218216>
FOUL_FLESH,,<:foul_flesh:824665753508773970>
FROSTY_SNOWBALL,,<:frosty_snowball:824665782544891986>
FUMING_POTATO_BOOK,,<:fuming_potato_book:824665807312388107>
GOLDEN_POWDER,,<:gold_powder:824665832138735646>
GOLDEN_TOOTH,,<:golden_tooth:824665866230038578>
GRAND_EXP_BOTTLE,,<:grand_bottle:824665923071115304>
BOOSTER_COOKIE,,<a:booster_cookie:824960041114271754>
,{'nbt.ExtraAttributes.id':'*_COOKIE*'},<a:booster_cookie:824960041114271754>
COLOSSAL_EXP_BOTTLE,,<a:colossal_xp:824960631639375892>
FEL_PEARL,,<a:fel_pearl:824960825390268497>
,{'nbt.display.Name':'*Griffin Feather*'},<:griffin_feather:824666161429741608>
GRIZZLY_BAIT,,<:grizzly_bait:824666202651230280>
HAMSTER_WHEEL,,<:hamster_wheel:824666222737096744>
HEALING_TISSUE,,<:healing_tissue:824666243608477736>
HOT_POTATO_BOOK,,<:hot_potato_book:824666264693768203>
,{'nbt.display.Name':'*Hyper Catalyst*'},<:hyper_catalyst:824666281315139624>
INFINIDIRT_WAND,,<:infinidirt_wand:824666297799016470>
JACOBS_TICKET,,<:jacob_ticket:824666314689085460>
GIANT_FRAGMENT_BOULDER,,<:jolly_pink_rock:824666339973005343>
ENCHANTED_LAVA_BUCKET,,<:lava_bucket:824666360785272842>
LIVID_FRAGMENT,,<:livid_fragment:824666396067233863>
LUCKY_HOOF,,<:lucky_hoof:824666422806446120>
,{'nbt.display.Name':'*Magical Map*'},<:magicmap:824666455756505118>
,{'nbt.display.Name':'*Magma Bucket*'},<:magma_bucket:824666509586202665>
MELODY_HAIR,,<:melody_hair:824666546436702251>
NECRON_HANDLE,,<:necron_handle:824666587285815318>
NIGHT_CRYSTAL,,<:nightcrystal:824666672089923614>
OVERFLUX_CAPACITOR,,<:overflux_capacitor:824666699843240016>
POLISHED_PEBBLE,,<:pebble:824666735494823982>
PERFECT_HOPPER,,<:perfect_hopper:824666755754491914>
,{'nbt.display.Name':'*Plasma Bucket*'},<:plasma_bucket:824666780164948008>
PLASMA_NUCLEUS,,<:plasma_nucleus:824666804482867250>
PLATFORM_EGG,,<:platform_egg:824666834540298290>
PUMPKIN_GUTS,,<:pumpkin_guts:824666863363555348>
,{'nbt.display.Name':'*Quiver Arrow*'},<:quiver:824666890014162973>
RED_CLAW_EGG,,<:red_claw_egg:824666912834584576>
REFINED_MINERAL,,<:refined_mineral:824666940903129158>
REVENANT_FLESH,,<:revenant_flesh:824666962574442576>
REVENANT_VISCERA,,<:revenant_viscera:824666982723879003>
SAVING_GRACE,,<:saving_grace:824667009043398687>
SCARF_FRAGMENT,,<:scarf_fragment:824667033995051009>
SCYTHE_BLADE,,<:scythe_blade:824667049708093461>
,{'nbt.ExtraAttributes.id':'*SHARK_FIN'},<:shark_fin:824667078346014800>
SILENT_PEARL,,<:silent_pearl:824667099720450120>
SILKY_LICHEN,,<:silky_lichen:824667123959070791>
SPIRIT_LEAP,,<:spirit_leap:824667144607367219>
TARANTULA_SILK,,<:tarantula_silk:824667210579443712>
TARANTULA_WEB,,<:tarantula_web:824667239096516698>
TITANIC_EXP_BOTTLE,,<:titanic_bottle:824667282172411975>
TRUE_ESSENCE,,<:true_essence:824667308425347092>
PET_ITEM_VAMPIRE_FANG,,<:vampire_fang:824667329023574047>
VOODOO_DOLL,,<:voodoo_doll:824667349407629352>
WEATHER_STICK,,<:weather_stick:824667376180133929>
WEIRD_TUBA,,<:weird_tuba:824667398061555753>
WEREWOLF_SKIN,,<:werewolf_skin:824667416051187712>
WEAK_WOLF_CATALYST,,<:wolf_catalyst:824667435017437207>
WOLF_TOOTH,,<:wolf_tooth:824667454156308490>
YELLOW_ROCK,,<:yellow_rock:824667477886894080>
WEDDING_RING_1,,<:yellow_rock_love:824667495075545088>
WEDDING_RING_2,,<:yellow_rock_official:824667514474201188>
GIANT_FRAGMENT_LASER,,<a:lasr_eye:824961132074500096>
MAGIC_MUSHROOM_SOUP,,<a:magical_soup:824961173723021351>
MAGICAL_WATER_BUCKET,,<a:magical_water_bucket:824961222247972885>
SUPER_MAGIC_MUSHROOM_SOUP,,<a:mystical_soup:824961258129981470>
SUPER_EGG,,<a:super_egg:824961294468644936>
WEDDING_RING_3,,<:yellow_rock_shiny:824667630803615755>
AUGER_ROD,,<:auger_rod:824667830007758872>
,,<:auger_rod_cast:824667842888335380>
CHALLENGE_ROD,,<:challenging_rod:824667852891619369>
,,<:challenging_rod_cast:824667862500507680>
FARMER_ROD,,<:farmer_rod:824667872436551700>
,,<:farmer_rod_cast:824667882134700053>
GRAPPLING_HOOK,,<:grappling_hook:824667892091322429>
,,<:grappling_hook_cast:824667903030329415>
ICE_ROD,,<:ice_rod:824667912483635230>
,,<:ice_rod_cast:824667922676449300>
PHANTOM_ROD,,<:phantom_rod:824667932519825440>
,,<:phantom_rod_cast:824667964451979316>
PRISMARINE_ROD,,<:prismarine_rod:824667981761871893>
,,<:prismarine_rod_cast:824667994017366066>
CHAMP_ROD,,<:roc:824668005165432844>
,,<:roc_cast:824668016716939326>
ROD_OF_THE_SEA,,<:rod_of_the_sea:824668029006381106>
,,<:rod_of_the_sea_cast:824668038745161799>
LEGEND_ROD,,<:rol:824668048991453195>
,,<:rol_cast:824668059553366037>
THE_SHREDDER,,<:shredder:824668069351653397>
,,<:shredder_cast:824668085679030313>
SPEEDSTER_ROD,,<:speedster_rod:824668100217274458>
,,<:speedster_rod_cast:824668113680465991>
SPONGE_ROD,,<:sponge_rod:824668129162297394>
,,<:sponge_rod_cast:824668141753729076>
WINTER_ROD,,<:winter_rod:824668153434472518>
,,<:winter_rod_cast:824668166080430120>
YETI_ROD,,<:yeti_rod:824668178394120282>
,,<:yeti_rod_cast:824668190901665802>
,{'nbt.ExtraAttributes.id':'*STONE_BLADE'},<:adaptive_blade:824668345039192144>
BONZO_STAFF,{'nbt.ExtraAttributes.uuid':'[f0].*'},<:bonzo_staff:824909169823055892>
BONZO_STAFF,{'nbt.ExtraAttributes.uuid':'[34].*'},<:bonzo_staff_blue:824909182843093033>
BONZO_STAFF,{'nbt.ExtraAttributes.uuid':'[12].*'},<:bonzo_staff_green:824909194809180200>
BONZO_STAFF,{'nbt.ExtraAttributes.uuid':'[56].*'},<:bonzo_staff_light_blue:824909209740771328>
BONZO_STAFF,{'nbt.ExtraAttributes.uuid':'[78].*'},<:bonzo_staff_light_green:824909238153248839>
BONZO_STAFF,{'nbt.ExtraAttributes.uuid':'[9a].*'},<:bonzo_staff_orange:824909251692199936>
BONZO_STAFF,{'nbt.ExtraAttributes.uuid':'[bc].*'},<:bonzo_staff_pink:824909264661381150>
BONZO_STAFF,{'nbt.ExtraAttributes.uuid':'[de].*'},<:bonzo_staff_purple:824909291559321631>
NECRON_BLADE,,<:necron_blade:824910774241198130>
CRYPT_DREADLORD_SWORD,,<:crypt_dreadlord_sword:824910795388747806>
CRYPT_WITHERLORD_SWORD,,<:crypt_witherlord_sword:824910808240750602>
EARTH_SHARD,,<:earth_shard:824910820282073088>
FEL_SWORD,,<:fel_sword:824910837642035210>
FLOWER_OF_TRUTH,,<:flower_of_truth:824910851592814613>
GIANT_CLEAVER,,<:giant_cleaver:824910868734017537>
GIANTS_SWORD,,<:giants_sword:824910881774370867>
HYPER_CLEAVER,,<:hyper_cleaver:824910895192473620>
ASTRAEA,,<a:astrea:825014203618164776>
HYPERION,,<a:hyperion:825014215931592724>
SCYLLA,,<a:scylla:825014227970293810>
VALKYRIE,,<a:valkyrie:825014241903247421>
CONJURING_SWORD,,<a:conjuring_sword:825016087090954270>
SOUL_WHIP,,<:soul_whip:824911081029632010>
,,<:soul_whip_cast:824911092589133884>
BAT_WAND,,<:spirit_sceptre:824911106702049350>
SUPER_CLEAVER,,<:super_cleaver:824911119860498493>
ZOMBIE_COMMANDER_WHIP,,<:zombie_commander_whip:824911138084749332>
,,<:zombie_commander_whip_cast:824911164486975488>
ZOMBIE_KNIGHT_SWORD,,<:zombie_knight_sword:824911178378903582>
ZOMBIE_SOLDIER_CUTLASS,,<:zombie_soldier_cutlass:824911196162752522>
ASPECT_OF_THE_END,,<:aspect_of_the_end:824911269072601122>
ASPECT_OF_THE_JERRY,,<:aspect_of_the_jerry:824911283655802881>
CLEAVER,,<:cleaver:824911306338598944>
EDIBLE_MACE,,<:edible_mace:824911320179671083>
EMBER_ROD,,<:ember_rod:824911332738072606>
EMERALD_BLADE,,<:emerald_blade:824911344834314260>
END_STONE_SWORD,,<:end_stone_sword:824911357425614910>
END_SWORD,,<:end_sword:824911369400090655>
FANCY_SWORD,,<:fancy_sword:824911380414332958>
FLAMING_SWORD,,<:flaming_sword:824911391944736808>
FLORID_ZOMBIE_SWORD,,<:florid_zombie_sword:824911402988339210>
FROZEN_SCYTHE,,<:frozen_scythe:824911418171195392>
GOLEM_SWORD,,<:golem_sword:824911431652737054>
HUNTER_KNIFE,,<:hunter_knife:824911446772678696>
LEAPING_SWORD,,<:leaping_sword:824911462056329238>
MIDAS_STAFF,,<:midas_staff:824911475360792577>
MIDAS_STAFF,{'nbt.ExtraAttributes.winning_bid':'[5-9][0-9]{7}.*'},<:midas_staff_50:824911486677024789>
MIDAS_SWORD,,<:midas_sword:824911505165778967>
ORNATE_ZOMBIE_SWORD,,<:ornate_zombie_sword:824911530084401173>
POOCH_SWORD,,<:pooch_sword:824911550593892364>
PRISMARINE_BLADE,,<:prismarine:824911563747622934>
RAIDER_AXE,,<:raider_axe:824911581099327558>
REAPER_SCYTHE,,<:reaper_scythe:824911598463746080>
RECLUSE_FANG,,<:recluse_fang:824911614146904075>
REVENANT_SWORD,,<:revenant_falchion:824911630092861470>
ROGUE_SWORD,,<:rogue_sword:824911646345527356>
SCORPION_FOIL,,<:scorpion_foil:824911661537296434>
SHAMAN_SWORD,,<:shaman_sword:824911681980727337>
SILK_EDGE_SWORD,,<:silk_edge:824911704303075329>
SILVER_FANG,,<:silver_fang:824911727140798465>
SPIDER_SWORD,,<:spider_sword:824911755376459847>
,{'nbt.display.name':'.*Sword of the Stars.*'},<:star_sword:824911774964383775>
TACTICIAN_SWORD,,<:tactician_sword:824911796086374400>
ASPECT_OF_THE_JERRY,{'nbt.ExtraAttributes.wood_singularity_count':1},<:thick_aspect_of_the_jerry:824911814051495967>
SCORPION_FOIL,{'nbt.ExtraAttributes.wood_singularity_count':1},<:thick_scorpion_foil:824911833524731934>
TACTICIAN_SWORD,{'nbt.ExtraAttributes.wood_singularity_count':1},<:thick_tactician_sword:824911871282905108>
WOOD_SWORD,{'nbt.ExtraAttributes.wood_singularity_count':1},<:thick_wooden_sword:824911887208546314>
UNDEAD_SWORD,,<:undead_sword:824911905583792161>
YETI_SWORD,,<:yeti_sword:824911919830925333>
ZOMBIE_SWORD,,<:zombie_sword:824911935287590923>
LIVID_DAGGER,,<a:livid_dagger:825016279780818996>
NECROMANCER_SWORD,,<a:necromancer_sword:825016291353690132>
SHADOW_FURY,,<a:shadow_fury:825016302321270864>
STARRED_SHADOW_FURY,,<a:shadow_fury:825016302321270864>
SILENT_DEATH,,<a:silent_death:825016312739921950>
SPIRIT_SWORD,,<a:spirit_sword:825016357300207656>
WITHER_CLOAK,,<a:wither_cloak:825016373662580766>
ASPECT_OF_THE_DRAGON,,<a:aspect_of_the_dragon:825019543801954324>
DAEDALUS_AXE,,<a:daedalus_axe:825019566719107152>
,{'nbt.display.name':'.*Ghoul Buster.*'},<a:ghoul_buster:825019580379299851>
MIDAS_STAFF,{'nbt.ExtraAttributes.winning_bid':'[1-9][0-9]{8}.*'},<a:midas_staff_100:825019598888763502>
MIDAS_SWORD,{'nbt.ExtraAttributes.winning_bid':'[5-9][0-9]{7}.*'},<a:midas_sword_50m:825019617927102525>
PIGMAN_SWORD,,<a:pigman_sword:825019633869520996>
REAPER_SWORD,,<a:reaper_falchion:825019654077415424>
SWORD_OF_REVELATIONS,,<a:sword_of_revelations:825019677360390144>
SWORD_OF_REVELATIONS,{'nbt.ExtraAttributes.wood_singularity_count':1},<a:thick_sword_of_revelations:825019800865603594>
THEORETICAL_HOE_CARROT_1,,<:carrot_hoe_1:824912437379727391>
THEORETICAL_HOE_CARROT_2,,<:carrot_hoe_2:824912455456522270>
THEORETICAL_HOE_CARROT_3,,<:carrot_hoe_3:824912474989396028>
THEORETICAL_HOE_WARTS_1,,<:nether_wart_hoe_1:824912504131420170>
THEORETICAL_HOE_WARTS_2,,<:nether_wart_hoe_2:824912522720575509>
THEORETICAL_HOE_WARTS_3,,<:nether_wart_hoe_3:824912540214493245>
THEORETICAL_HOE_POTATO_1,,<:potato_hoe_1:824912562549686272>
THEORETICAL_HOE_POTATO_2,,<:potato_hoe_2:824912579822354452>
THEORETICAL_HOE_POTATO_3,,<:potato_hoe_3:824912596518961155>
THEORETICAL_HOE_CANE_1,,<:sugar_cane_hoe_1:824912620380749824>
THEORETICAL_HOE_CANE_2,,<:sugar_cane_hoe_2:824912634210025512>
THEORETICAL_HOE_CANE_3,,<:sugar_cane_hoe_3:824912648952610826>
THEORETICAL_HOE_WHEAT_1,,<:wheat_hoe_1:824912673707393067>
THEORETICAL_HOE_WHEAT_2,,<:wheat_hoe_2:824912690354847746>
THEORETICAL_HOE_WHEAT_3,,<:wheat_hoe_3:824912708943740959>
CACTUS_KNIFE,,<:cactus_knife:824912765223174147>
COCO_CHOPPER,,<:coco_chopper:824912775612334093>
,{'nbt.display.Name':'\u00a7eExtra Farming Drops'},<:extra_farming_drops:824912785775132692>
,{'nbt.display.Name':'\u00a7e+1 Farming Level Cap'},<:extra_farming_level:824912795777892382>
FUNGI_CUTTER,,<:fungi_cutter_brown:824912805860868106>
FUNGI_CUTTER,,<:fungi_cutter_red:824912815830728734>
HOE_OF_GREAT_TILLING,,<:hoe_of_great_tilling:824912824219598880>
HOE_OF_GREATER_TILLING,,<:hoe_of_greater_tilling:824912833107984406>
MELON_DICER,,<:melon_dicer:824912884755726366>
PUMPKIN_DICER,,<:pumpkin_dicer:824912897611792415>
THEORETICAL_HOE,,<:theoretical_hoe:824912908395479060>
ANCESTRAL_SPADE,,<:ancestral_spade:824913600505839654>
EFFICIENT_AXE,,<:efficient_axe:824913609859661834>
FLINT_SHOVEL,,<:flint_shovel:824913627123417090>
JUNGLE_AXE,,<:jungleaxe:824913640200732672>
PROMISING_AXE,,<:promising_axe:824913650593562644>
PROMISING_PICKAXE,,<:promising_pickaxe:824913660581249034>
PROMISING_SPADE,,<:promising_shovel:824913670605766656>
ROOKIE_AXE,,<:rookie_axe:824913680561995796>
ROOKIE_HOE,,<:rookie_hoe:824913692839247904>
ROOKIE_PICKAXE,,<:rookie_pickaxe:824913724782411797>
SCULPTORS_AXE,,<:sculptor_axe:824913735218102322>
STONK_PICKAXE,,<:stonks:824913744739172352>
SWEET_AXE,,<:sweet_axe:824913753606717481>
TREECAPITATOR_AXE,,<:Treecapitator:824913764591337523>
ZOMBIE_PICKAXE,,<:zombie_pick:824913775102525461>
ICE_SPRAY_WAND,,<:ice_spray_wand:824913814155165707>
WAND_OF_HEALING,,<:wand_of_healing:824913825400619039>
WAND_OF_MENDING,,<:wand_of_mending:824913836443303936>
WAND_OF_RESTORATION,,<:wand_of_restoration:824913846572548117>
INK_WAND,,<a:ink_wand:825024614248873987>
,,<:20purse:824925935170093066>
,,<:account_upgrade:824925944585912340>
,,<:amount:824925953469448195>
,,<:deluxeaccount:824925962734796811>
,,<:deposit:824925974416064512>
,,<:goldaccount:824925983546015814>
,,<:halfpurse:824925993059614770>
,,<:info:824926001317675020>
,,<:premieraccount:824926009581109259>
,,<:starteraccount:824926019424092180>
,,<:supdeluxeaccount:824926026920362015>
,,<:transactions:824926035299794964>
,,<:vault:824926044514811934>
,,<:wholepurse:824926052081336341>
,,<:withdraw:824926060491046963>
,,<:party:824926128073342997>
,,<:refresh:824926141894230017>
,,<:search:824926150467911691>
,,<:start_queue:824926159502311424>
,,<:null:824926209313734718>
,,<:barn:824926272253722656>
,,<:castle:824926282302095360>
,,<:crypt:824926291161120769>
,,<:da:824926301982162945>
,,<:deep:824926310971080734>
,,<:drag:824926320261070859>
,,<:the_end:824926328842092585>
,,<:fast:824926338490171442>
,,<:gold:824926346828054559>
,,<:howl:824926356437467166>
,,<:hub:824926367337807913>
,,<:jungle:824926375579615265>
,,<:magma:824926384404561981>
,,<:mush:824926396929146890>
,,<:nest:824926405578063873>
,,<:nether:824926415064399872>
,,<:paper:824926424766873650>
,,<:the_park:824926434551398400>
,,<:pi:824926444907790337>
,,<:spider_den:824926454180741140>
,,<:paperoff:824926471197950002>
,,<:paperon:824926481992908850>
,,<:fuel:824926530751823932>
,,<:hopp:824926541170606091>
,,<:ideal:824926551673798656>
,,<:skin:824926564956373013>
,,<:tierup:824926575308832798>
,,<:upgr:824926584472469506>
,,<a:dungeon_archer:825020486240567336>
,,<a:dungeon_berserk:825020496159834142>
,,<a:dungeon_healer:825020505937281075>
,,<a:dungeon_mage:825020519245938708>
,,<a:dungeon_tank:825020531572998225>
,,<:crafting:824927072249053215>
,,<:enchanting:824927087390490654>
,,<:c60:824927204592713759>
,,<:c2550:824927213924253746>
,,<:horizontal:824927223173611540>
,,<:left:824927233654390794>
,,<:leftup:824927244853182464>
,,<:right:824927256827658280>
,,<:rightup:824927268925079562>
,,<:vertical:824927282040799232>
,,<:horizontal:824927304626602015>
,,<:left:824927315275677718>
,,<:leftup:824927326596628500>
,,<:n60:824927338130046987>
,,<:n2550:824927349879209994>
,,<:right:824927365104664578>
,,<:rightup:824927376450125835>
,,<:vertical:824927387518369822>
,,<:horizontal:824927406812168203>
,,<:left:824927420284534794>
,,<:leftup:824927430888128544>
,,<:p60:824927442765348934>
,,<:p2550:824927453663330324>
,,<:right:824927464320925706>
,,<:rightup:824927474486870036>
,,<:vertical:824927484989538334>
,,<:lvl:824927529058959360>
,,<:brewing:824927567068528641>
,,<:combat:824927579110637578>
,,<:dungeon:824927588307828746>
,,<:farm:824927599447900190>
,,<:fishing:824927609531269151>
,,<:foraging:824927618616393749>
,,<:mining:824927636547567618>
,,<:runecrafting:824927648320847892>
,,<:icon:824928233718939649>
,,<:revt1:824928252338241576>
,,<:revt2:824928263444103188>
,,<:revt3:824928273200447490>
,,<:revt4:824928282440106015>
,,<:revt5:824928293458935849>
,,<:icon:824928312501600276>
,,<:sven1:824928321799979018>
,,<:sven2:824928331396546581>
,,<:sven3:824928340535935007>
,,<:sven4:824928349813866536>
,,<:sven5:824928359791853568>
,,<:icon:824928698020528138>
,,<:tara1:824928706819522581>
,,<:tara2:824928716508889159>
,,<:tara3:824928725144436748>
,,<:tara4:824928734666686475>
,,<:tara5:824928745395060756>
,,<:bonus:824928762435993642>
,,<:combatBuff:824928801191886860>
,,<:leaderboard:824928811875041290>
,,<:lvlreward:824928822200631297>
,,<:notreleased:824928832749305886>
,,<:randomQuest:824928844338692116>
,,<:slayerRecipe:824928853478080572>
,,<:slayerReward:824928863196413996>
,,<:wardrobe_helmet:824928960092700712>
,,<:wardrobe_chest:824928970788044831>
,,<:wardrobe_legs:824928982200746025>
,,<:boots:824928992624508938>
,,<:sun:824929248065486888>
,,<:accessorysack:824929315971268608>
,,<:active_effect:824929340503621662>
,,<:bacc:824929353158623262>
,,<:sb_bank:824929364620738560>
,,<:sb_calendar:824929871665823745>
,,<:close:824929884618227742>
,,<:collection:824929898966941716>
,,<:crafting:824929910489350154>
,,<:enderchest:824929921666646026>
,,<:fishingsack:824929934291238933>
,,<:hypixel:824929949969285140>
,,<:invi:824929963916525569>
,,<:jerry_workshop:824929985466204180>
,,<:next:824929998913798195>
_NULL,,<:null:824930011772616704>
_QUESTION,,<:null_pane:824930024984936468>
,,<:pets:824930038230679622>
,,<:potionsack:824930050771779605>
,,<:prev:824930075957788682>
,,<:prof:824930091019927580>
,,<:quest:824930104115200010>
,,<:quiver:824930118048284682>
,,<:recipe:824930131079856148>
,,<:reforge:824930141330997248>
,,<:reforge_gold:824930152307884034>
,,<:sacks:824930165087404062>
,,<:search:824930182653411369>
,,<:sell:824930194687131663>
,,<:sett:824930207906660352>
,,<:skills:824930223924576287>
SKYBLOCK_MENU,,<:skyblock_menu:824930236969910292>
,,<a:rain:825022964361068565>
,,<a:thunder:825023790169456651>
,,<a:bcookie:825024307558088745>
,,<:trades:824930440061648927>
,,<:visit:824930451478151168>
,,<:wardrobe:824930467081748500>
,,<:archer_adaptive_chestplate:825024726312681492>
,,<:archer_adaptive_leggings:825024744343470160>
,,<:archer_adaptive_boots:825024754238881844>
,,<:berserk_adaptive_chestplate:825024776236957707>
,,<:berserk_adaptive_leggings:825024785745444945>
,,<:berserk_adaptive_boots:825024795603107881>
,,<:healer_adaptive_chestplate:825024815714795540>
,,<:healer_adaptive_leggings:825024827186085939>
,,<:healer_adaptive_boots:825024836694310962>
,,<:mage_adaptive_chestplate:825024858035322891>
,,<:mage_adaptive_leggings:825024867908845649>
,,<:mage_adaptive_boots:825024878020657164>
,,<:tank_adaptive_chestplate:825024897713176576>
,,<:tank_adaptive_leggings:825024907892228117>
,,<:tank_adaptive_boots:825024919115923476>
,,<a:adaptive_blade_archer:825025514959405077>
,,<a:adaptive_blade_beserk:825025528678449162>
,,<a:adaptive_blade_healer:825025542679560193>
,,<a:adaptive_blade_mage:825025552830300202>
,,<:adaptive_blade_tank:825025564791930890>
